route,origin,layover,dest,firstflight,depdate,deptime,first_delay,secondflight,second_deptime,second_depdate,second_delay,total_delay
CMI_ORD_LAX,CMI,ORD,LAX,MQ4401,4/3/08,808,-15,AA455,4/5/08,1522,,
CMI_ORD_LAX,CMI,ORD,LAX,MQ4401,4/3/08,808,-15,UA943,4/5/08,1506,12,-3
CMI_ORD_LAX,CMI,ORD,LAX,MQ4401,4/3/08,808,-15,AA1345,4/5/08,1404,-13,-28
CMI_ORD_LAX,CMI,ORD,LAX,MQ4401,4/3/08,808,-15,AA1407,4/5/08,1213,-10,-25
CMI_ORD_LAX,CMI,ORD,LAX,MQ4374,4/3/08,557,-12,AA1407,4/5/08,1213,-10,-22
CMI_ORD_LAX,CMI,ORD,LAX,MQ4374,4/3/08,557,-12,AA1345,4/5/08,1404,-13,-25
CMI_ORD_LAX,CMI,ORD,LAX,MQ4374,4/3/08,557,-12,UA127,4/5/08,1847,20,8
CMI_ORD_LAX,CMI,ORD,LAX,MQ4374,4/3/08,557,-12,UA129,4/5/08,2102,12,0
CMI_ORD_LAX,CMI,ORD,LAX,MQ4374,4/3/08,557,-12,UA121,4/5/08,1219,-3,-15
CMI_ORD_LAX,CMI,ORD,LAX,MQ4374,4/3/08,557,-12,UA111,4/5/08,1208,38,26
CMI_ORD_LAX,CMI,ORD,LAX,MQ4374,4/3/08,557,-12,AA455,4/5/08,1522,,
CMI_ORD_LAX,CMI,ORD,LAX,MQ4401,4/3/08,808,-15,AA607,4/5/08,1948,-6,-21
CMI_ORD_LAX,CMI,ORD,LAX,MQ4374,4/3/08,557,-12,AA607,4/5/08,1948,-6,-18
CMI_ORD_LAX,CMI,ORD,LAX,MQ4374,4/3/08,557,-12,AA889,4/5/08,1815,-8,-20
CMI_ORD_LAX,CMI,ORD,LAX,MQ4374,4/3/08,557,-12,AA557,4/5/08,1641,6,-6
CMI_ORD_LAX,CMI,ORD,LAX,MQ4374,4/3/08,557,-12,UA943,4/5/08,1506,12,0
CMI_ORD_LAX,CMI,ORD,LAX,MQ4374,4/3/08,557,-12,UA941,4/5/08,1712,19,7
CMI_ORD_LAX,CMI,ORD,LAX,MQ4373,4/3/08,908,-8,UA941,4/5/08,1712,19,11
CMI_ORD_LAX,CMI,ORD,LAX,MQ4373,4/3/08,908,-8,UA943,4/5/08,1506,12,4
CMI_ORD_LAX,CMI,ORD,LAX,MQ4373,4/3/08,908,-8,UA129,4/5/08,2102,12,4
CMI_ORD_LAX,CMI,ORD,LAX,MQ4373,4/3/08,908,-8,UA111,4/5/08,1208,38,30
CMI_ORD_LAX,CMI,ORD,LAX,MQ4373,4/3/08,908,-8,UA121,4/5/08,1219,-3,-11
CMI_ORD_LAX,CMI,ORD,LAX,MQ4401,4/3/08,808,-15,AA557,4/5/08,1641,6,-9
CMI_ORD_LAX,CMI,ORD,LAX,MQ4373,4/3/08,908,-8,UA127,4/5/08,1847,20,12
CMI_ORD_LAX,CMI,ORD,LAX,MQ4373,4/3/08,908,-8,AA1407,4/5/08,1213,-10,-18
CMI_ORD_LAX,CMI,ORD,LAX,MQ4373,4/3/08,908,-8,AA1345,4/5/08,1404,-13,-21
CMI_ORD_LAX,CMI,ORD,LAX,MQ4373,4/3/08,908,-8,AA455,4/5/08,1522,,
CMI_ORD_LAX,CMI,ORD,LAX,MQ4373,4/3/08,908,-8,AA889,4/5/08,1815,-8,-16
CMI_ORD_LAX,CMI,ORD,LAX,MQ4373,4/3/08,908,-8,AA607,4/5/08,1948,-6,-14
CMI_ORD_LAX,CMI,ORD,LAX,MQ4373,4/3/08,908,-8,AA557,4/5/08,1641,6,-2
CMI_ORD_LAX,CMI,ORD,LAX,MQ4278,4/3/08,706,-4,AA455,4/5/08,1522,,
CMI_ORD_LAX,CMI,ORD,LAX,MQ4278,4/3/08,706,-4,AA607,4/5/08,1948,-6,-10
CMI_ORD_LAX,CMI,ORD,LAX,MQ4278,4/3/08,706,-4,AA889,4/5/08,1815,-8,-12
CMI_ORD_LAX,CMI,ORD,LAX,MQ4401,4/3/08,808,-15,AA889,4/5/08,1815,-8,-23
CMI_ORD_LAX,CMI,ORD,LAX,MQ4278,4/3/08,706,-4,AA557,4/5/08,1641,6,2
CMI_ORD_LAX,CMI,ORD,LAX,MQ4278,4/3/08,706,-4,UA127,4/5/08,1847,20,16
CMI_ORD_LAX,CMI,ORD,LAX,MQ4278,4/3/08,706,-4,UA129,4/5/08,2102,12,8
CMI_ORD_LAX,CMI,ORD,LAX,MQ4278,4/3/08,706,-4,UA111,4/5/08,1208,38,34
CMI_ORD_LAX,CMI,ORD,LAX,MQ4278,4/3/08,706,-4,UA121,4/5/08,1219,-3,-7
CMI_ORD_LAX,CMI,ORD,LAX,MQ4278,4/3/08,706,-4,UA943,4/5/08,1506,12,8
CMI_ORD_LAX,CMI,ORD,LAX,MQ4278,4/3/08,706,-4,UA941,4/5/08,1712,19,15
CMI_ORD_LAX,CMI,ORD,LAX,MQ4278,4/3/08,706,-4,AA1407,4/5/08,1213,-10,-14
CMI_ORD_LAX,CMI,ORD,LAX,MQ4278,4/3/08,706,-4,AA1345,4/5/08,1404,-13,-17
CMI_ORD_LAX,CMI,ORD,LAX,MQ4401,4/3/08,808,-15,UA129,4/5/08,2102,12,-3
CMI_ORD_LAX,CMI,ORD,LAX,MQ4401,4/3/08,808,-15,UA111,4/5/08,1208,38,23
CMI_ORD_LAX,CMI,ORD,LAX,MQ4401,4/3/08,808,-15,UA127,4/5/08,1847,20,5
CMI_ORD_LAX,CMI,ORD,LAX,MQ4401,4/3/08,808,-15,UA121,4/5/08,1219,-3,-18
CMI_ORD_LAX,CMI,ORD,LAX,MQ4401,4/3/08,808,-15,UA941,4/5/08,1712,19,4
LAX_ORD_JFK,LAX,ORD,JFK,UA944,1/1/08,700,-4,OH5366,1/3/08,1736,8,4
LAX_ORD_JFK,LAX,ORD,JFK,UA106,1/1/08,856,8,B6916,1/3/08,1603,8,16
LAX_ORD_JFK,LAX,ORD,JFK,UA106,1/1/08,856,8,B6918,1/3/08,1853,-14,-6
LAX_ORD_JFK,LAX,ORD,JFK,UA106,1/1/08,856,8,MQ4138,1/3/08,1425,33,41
LAX_ORD_JFK,LAX,ORD,JFK,UA106,1/1/08,856,8,OH5366,1/3/08,1736,8,16
LAX_ORD_JFK,LAX,ORD,JFK,UA106,1/1/08,856,8,OH5466,1/3/08,1335,240,248
LAX_ORD_JFK,LAX,ORD,JFK,AA764,1/1/08,558,9,OH5366,1/3/08,1736,8,17
LAX_ORD_JFK,LAX,ORD,JFK,AA88,1/1/08,853,9,OH5366,1/3/08,1736,8,17
LAX_ORD_JFK,LAX,ORD,JFK,AA88,1/1/08,853,9,OH5466,1/3/08,1335,240,249
LAX_ORD_JFK,LAX,ORD,JFK,AA764,1/1/08,558,9,OH5466,1/3/08,1335,240,249
LAX_ORD_JFK,LAX,ORD,JFK,AA88,1/1/08,853,9,MQ4138,1/3/08,1425,33,42
LAX_ORD_JFK,LAX,ORD,JFK,UA944,1/1/08,700,-4,OH5466,1/3/08,1335,240,236
LAX_ORD_JFK,LAX,ORD,JFK,AA764,1/1/08,558,9,MQ4138,1/3/08,1425,33,42
LAX_ORD_JFK,LAX,ORD,JFK,AA88,1/1/08,853,9,AA2352,1/3/08,1708,46,55
LAX_ORD_JFK,LAX,ORD,JFK,AA764,1/1/08,558,9,B6908,1/3/08,1208,13,22
LAX_ORD_JFK,LAX,ORD,JFK,AA764,1/1/08,558,9,AA2352,1/3/08,1708,46,55
LAX_ORD_JFK,LAX,ORD,JFK,AA88,1/1/08,853,9,B6908,1/3/08,1208,13,22
LAX_ORD_JFK,LAX,ORD,JFK,AA764,1/1/08,558,9,B6916,1/3/08,1603,8,17
LAX_ORD_JFK,LAX,ORD,JFK,AA88,1/1/08,853,9,B6916,1/3/08,1603,8,17
LAX_ORD_JFK,LAX,ORD,JFK,AA764,1/1/08,558,9,B6918,1/3/08,1853,-14,-5
LAX_ORD_JFK,LAX,ORD,JFK,AA88,1/1/08,853,9,B6918,1/3/08,1853,-14,-5
LAX_ORD_JFK,LAX,ORD,JFK,AA2276,1/1/08,631,13,AA2352,1/3/08,1708,46,59
LAX_ORD_JFK,LAX,ORD,JFK,UA944,1/1/08,700,-4,MQ4138,1/3/08,1425,33,29
LAX_ORD_JFK,LAX,ORD,JFK,AA2276,1/1/08,631,13,B6916,1/3/08,1603,8,21
LAX_ORD_JFK,LAX,ORD,JFK,AA2276,1/1/08,631,13,B6918,1/3/08,1853,-14,-1
LAX_ORD_JFK,LAX,ORD,JFK,AA2276,1/1/08,631,13,B6908,1/3/08,1208,13,26
LAX_ORD_JFK,LAX,ORD,JFK,AA2276,1/1/08,631,13,MQ4138,1/3/08,1425,33,46
LAX_ORD_JFK,LAX,ORD,JFK,AA2276,1/1/08,631,13,OH5466,1/3/08,1335,240,253
LAX_ORD_JFK,LAX,ORD,JFK,AA2276,1/1/08,631,13,OH5366,1/3/08,1736,8,21
LAX_ORD_JFK,LAX,ORD,JFK,UA110,1/1/08,1005,14,OH5366,1/3/08,1736,8,22
LAX_ORD_JFK,LAX,ORD,JFK,UA110,1/1/08,1005,14,OH5466,1/3/08,1335,240,254
LAX_ORD_JFK,LAX,ORD,JFK,UA110,1/1/08,1005,14,MQ4138,1/3/08,1425,33,47
LAX_ORD_JFK,LAX,ORD,JFK,UA110,1/1/08,1005,14,AA2352,1/3/08,1708,46,60
LAX_ORD_JFK,LAX,ORD,JFK,UA944,1/1/08,700,-4,B6918,1/3/08,1853,-14,-18
LAX_ORD_JFK,LAX,ORD,JFK,UA110,1/1/08,1005,14,B6918,1/3/08,1853,-14,0
LAX_ORD_JFK,LAX,ORD,JFK,UA110,1/1/08,1005,14,B6908,1/3/08,1208,13,27
LAX_ORD_JFK,LAX,ORD,JFK,UA110,1/1/08,1005,14,B6916,1/3/08,1603,8,22
LAX_ORD_JFK,LAX,ORD,JFK,AA1372,1/1/08,1106,111,AA2352,1/3/08,1708,46,157
LAX_ORD_JFK,LAX,ORD,JFK,AA1372,1/1/08,1106,111,B6918,1/3/08,1853,-14,97
LAX_ORD_JFK,LAX,ORD,JFK,AA1372,1/1/08,1106,111,B6916,1/3/08,1603,8,119
LAX_ORD_JFK,LAX,ORD,JFK,AA1372,1/1/08,1106,111,B6908,1/3/08,1208,13,124
LAX_ORD_JFK,LAX,ORD,JFK,AA1372,1/1/08,1106,111,MQ4138,1/3/08,1425,33,144
LAX_ORD_JFK,LAX,ORD,JFK,AA1372,1/1/08,1106,111,OH5466,1/3/08,1335,240,351
LAX_ORD_JFK,LAX,ORD,JFK,AA1372,1/1/08,1106,111,OH5366,1/3/08,1736,8,119
LAX_ORD_JFK,LAX,ORD,JFK,UA944,1/1/08,700,-4,AA2352,1/3/08,1708,46,42
LAX_ORD_JFK,LAX,ORD,JFK,AA1740,1/1/08,217,303,OH5466,1/3/08,1335,240,543
LAX_ORD_JFK,LAX,ORD,JFK,AA1740,1/1/08,217,303,OH5366,1/3/08,1736,8,311
LAX_ORD_JFK,LAX,ORD,JFK,AA1740,1/1/08,217,303,MQ4138,1/3/08,1425,33,336
LAX_ORD_JFK,LAX,ORD,JFK,AA1740,1/1/08,217,303,AA2352,1/3/08,1708,46,349
LAX_ORD_JFK,LAX,ORD,JFK,AA1740,1/1/08,217,303,B6908,1/3/08,1208,13,316
LAX_ORD_JFK,LAX,ORD,JFK,AA1740,1/1/08,217,303,B6916,1/3/08,1603,8,311
LAX_ORD_JFK,LAX,ORD,JFK,AA1740,1/1/08,217,303,B6918,1/3/08,1853,-14,289
LAX_ORD_JFK,LAX,ORD,JFK,UA944,1/1/08,700,-4,B6916,1/3/08,1603,8,4
LAX_ORD_JFK,LAX,ORD,JFK,UA944,1/1/08,700,-4,B6908,1/3/08,1208,13,9
LAX_ORD_JFK,LAX,ORD,JFK,UA106,1/1/08,856,8,AA2352,1/3/08,1708,46,54
LAX_ORD_JFK,LAX,ORD,JFK,UA106,1/1/08,856,8,B6908,1/3/08,1208,13,21
DFW_STL_ORD,DFW,STL,ORD,AA1336,1/24/08,657,-14,AA2245,1/26/08,1654,-5,-19
DFW_STL_ORD,DFW,STL,ORD,AA1642,9/7/08,908,-9,AA354,9/9/08,1433,-14,-23
DFW_STL_ORD,DFW,STL,ORD,AA1642,9/7/08,908,-9,AA360,9/9/08,1232,-5,-14
DFW_STL_ORD,DFW,STL,ORD,AA1642,9/7/08,908,-9,AA425,9/9/08,1336,-13,-22
DFW_STL_ORD,DFW,STL,ORD,AA1118,9/7/08,1045,-8,AA360,9/9/08,1232,-5,-13
DFW_STL_ORD,DFW,STL,ORD,AA1118,9/7/08,1045,-8,AA354,9/9/08,1433,-14,-22
DFW_STL_ORD,DFW,STL,ORD,AA1118,9/7/08,1045,-8,AA425,9/9/08,1336,-13,-21
DFW_STL_ORD,DFW,STL,ORD,AA1118,9/7/08,1045,-8,AA1754,9/9/08,1920,-11,-19
DFW_STL_ORD,DFW,STL,ORD,AA1118,9/7/08,1045,-8,AA635,9/9/08,1554,-20,-28
DFW_STL_ORD,DFW,STL,ORD,AA1118,9/7/08,1045,-8,AA1002,9/9/08,1742,-12,-20
DFW_STL_ORD,DFW,STL,ORD,AA1336,1/24/08,657,-14,AA1835,1/26/08,1330,0,-14
DFW_STL_ORD,DFW,STL,ORD,AA1336,1/24/08,657,-14,AA640,1/26/08,1452,79,65
DFW_STL_ORD,DFW,STL,ORD,AA314,1/24/08,836,-9,AA640,1/26/08,1452,79,70
DFW_STL_ORD,DFW,STL,ORD,AA314,1/24/08,836,-9,AA1835,1/26/08,1330,0,-9
DFW_STL_ORD,DFW,STL,ORD,AA314,1/24/08,836,-9,AA2245,1/26/08,1654,-5,-14
DFW_STL_ORD,DFW,STL,ORD,AA1030,1/24/08,940,-8,AA2245,1/26/08,1654,-5,-13
DFW_STL_ORD,DFW,STL,ORD,AA1030,1/24/08,940,-8,AA1835,1/26/08,1330,0,-8
DFW_STL_ORD,DFW,STL,ORD,AA1030,1/24/08,940,-8,AA640,1/26/08,1452,79,71
LAX_SFO_PHX,LAX,SFO,PHX,WN3534,7/12/08,650,-13,UA1540,7/14/08,1247,-7,-20
LAX_SFO_PHX,LAX,SFO,PHX,UA1167,7/12/08,658,-9,US1550,7/14/08,1218,42,33
LAX_SFO_PHX,LAX,SFO,PHX,UA1167,7/12/08,658,-9,US412,7/14/08,1916,-28,-37
LAX_SFO_PHX,LAX,SFO,PHX,UA1167,7/12/08,658,-9,US408,7/14/08,1713,-2,-11
LAX_SFO_PHX,LAX,SFO,PHX,UA1167,7/12/08,658,-9,UA1540,7/14/08,1247,-7,-16
LAX_SFO_PHX,LAX,SFO,PHX,UA1167,7/12/08,658,-9,WN1619,7/14/08,1602,5,-4
LAX_SFO_PHX,LAX,SFO,PHX,UA1167,7/12/08,658,-9,WN2645,7/14/08,2026,-21,-30
LAX_SFO_PHX,LAX,SFO,PHX,UA1167,7/12/08,658,-9,WN2348,7/14/08,1224,23,14
LAX_SFO_PHX,LAX,SFO,PHX,UA889,7/12/08,758,-8,WN1619,7/14/08,1602,5,-3
LAX_SFO_PHX,LAX,SFO,PHX,UA889,7/12/08,758,-8,WN2348,7/14/08,1224,23,15
LAX_SFO_PHX,LAX,SFO,PHX,UA889,7/12/08,758,-8,WN2645,7/14/08,2026,-21,-29
LAX_SFO_PHX,LAX,SFO,PHX,WN3534,7/12/08,650,-13,WN2348,7/14/08,1224,23,10
LAX_SFO_PHX,LAX,SFO,PHX,UA889,7/12/08,758,-8,US128,7/14/08,1554,43,35
LAX_SFO_PHX,LAX,SFO,PHX,UA889,7/12/08,758,-8,US1550,7/14/08,1218,42,34
LAX_SFO_PHX,LAX,SFO,PHX,UA889,7/12/08,758,-8,US412,7/14/08,1916,-28,-36
LAX_SFO_PHX,LAX,SFO,PHX,UA889,7/12/08,758,-8,US408,7/14/08,1713,-2,-10
LAX_SFO_PHX,LAX,SFO,PHX,UA889,7/12/08,758,-8,UA1540,7/14/08,1247,-7,-15
LAX_SFO_PHX,LAX,SFO,PHX,WN3002,7/12/08,805,10,UA1540,7/14/08,1247,-7,3
LAX_SFO_PHX,LAX,SFO,PHX,WN3002,7/12/08,805,10,WN2348,7/14/08,1224,23,33
LAX_SFO_PHX,LAX,SFO,PHX,WN3002,7/12/08,805,10,WN1619,7/14/08,1602,5,15
LAX_SFO_PHX,LAX,SFO,PHX,WN3002,7/12/08,805,10,WN2645,7/14/08,2026,-21,-11
LAX_SFO_PHX,LAX,SFO,PHX,WN3002,7/12/08,805,10,US412,7/14/08,1916,-28,-18
LAX_SFO_PHX,LAX,SFO,PHX,WN3534,7/12/08,650,-13,WN2645,7/14/08,2026,-21,-34
LAX_SFO_PHX,LAX,SFO,PHX,WN3002,7/12/08,805,10,US1550,7/14/08,1218,42,52
LAX_SFO_PHX,LAX,SFO,PHX,WN3002,7/12/08,805,10,US408,7/14/08,1713,-2,8
LAX_SFO_PHX,LAX,SFO,PHX,WN3002,7/12/08,805,10,US128,7/14/08,1554,43,53
LAX_SFO_PHX,LAX,SFO,PHX,AA1920,7/12/08,749,26,US408,7/14/08,1713,-2,24
LAX_SFO_PHX,LAX,SFO,PHX,AA1920,7/12/08,749,26,US128,7/14/08,1554,43,69
LAX_SFO_PHX,LAX,SFO,PHX,AA1920,7/12/08,749,26,US412,7/14/08,1916,-28,-2
LAX_SFO_PHX,LAX,SFO,PHX,AA1920,7/12/08,749,26,US1550,7/14/08,1218,42,68
LAX_SFO_PHX,LAX,SFO,PHX,AA1920,7/12/08,749,26,UA1540,7/14/08,1247,-7,19
LAX_SFO_PHX,LAX,SFO,PHX,AA1920,7/12/08,749,26,WN2348,7/14/08,1224,23,49
LAX_SFO_PHX,LAX,SFO,PHX,AA1920,7/12/08,749,26,WN1619,7/14/08,1602,5,31
LAX_SFO_PHX,LAX,SFO,PHX,WN3534,7/12/08,650,-13,WN1619,7/14/08,1602,5,-8
LAX_SFO_PHX,LAX,SFO,PHX,AA1920,7/12/08,749,26,WN2645,7/14/08,2026,-21,5
LAX_SFO_PHX,LAX,SFO,PHX,WN509,7/12/08,1151,97,WN2348,7/14/08,1224,23,120
LAX_SFO_PHX,LAX,SFO,PHX,WN509,7/12/08,1151,97,WN1619,7/14/08,1602,5,102
LAX_SFO_PHX,LAX,SFO,PHX,WN509,7/12/08,1151,97,WN2645,7/14/08,2026,-21,76
LAX_SFO_PHX,LAX,SFO,PHX,WN509,7/12/08,1151,97,US408,7/14/08,1713,-2,95
LAX_SFO_PHX,LAX,SFO,PHX,WN509,7/12/08,1151,97,US1550,7/14/08,1218,42,139
LAX_SFO_PHX,LAX,SFO,PHX,WN509,7/12/08,1151,97,US128,7/14/08,1554,43,140
LAX_SFO_PHX,LAX,SFO,PHX,WN509,7/12/08,1151,97,US412,7/14/08,1916,-28,69
LAX_SFO_PHX,LAX,SFO,PHX,WN509,7/12/08,1151,97,UA1540,7/14/08,1247,-7,90
LAX_SFO_PHX,LAX,SFO,PHX,XE7764,7/12/08,1114,115,UA1540,7/14/08,1247,-7,108
LAX_SFO_PHX,LAX,SFO,PHX,WN3534,7/12/08,650,-13,US412,7/14/08,1916,-28,-41
LAX_SFO_PHX,LAX,SFO,PHX,XE7764,7/12/08,1114,115,WN2348,7/14/08,1224,23,138
LAX_SFO_PHX,LAX,SFO,PHX,XE7764,7/12/08,1114,115,WN1619,7/14/08,1602,5,120
LAX_SFO_PHX,LAX,SFO,PHX,XE7764,7/12/08,1114,115,WN2645,7/14/08,2026,-21,94
LAX_SFO_PHX,LAX,SFO,PHX,XE7764,7/12/08,1114,115,US1550,7/14/08,1218,42,157
LAX_SFO_PHX,LAX,SFO,PHX,XE7764,7/12/08,1114,115,US408,7/14/08,1713,-2,113
LAX_SFO_PHX,LAX,SFO,PHX,XE7764,7/12/08,1114,115,US128,7/14/08,1554,43,158
LAX_SFO_PHX,LAX,SFO,PHX,XE7764,7/12/08,1114,115,US412,7/14/08,1916,-28,87
LAX_SFO_PHX,LAX,SFO,PHX,AA1928,7/12/08,1057,116,US412,7/14/08,1916,-28,88
LAX_SFO_PHX,LAX,SFO,PHX,AA1928,7/12/08,1057,116,US1550,7/14/08,1218,42,158
LAX_SFO_PHX,LAX,SFO,PHX,AA1928,7/12/08,1057,116,US408,7/14/08,1713,-2,114
LAX_SFO_PHX,LAX,SFO,PHX,WN3534,7/12/08,650,-13,US128,7/14/08,1554,43,30
LAX_SFO_PHX,LAX,SFO,PHX,AA1928,7/12/08,1057,116,US128,7/14/08,1554,43,159
LAX_SFO_PHX,LAX,SFO,PHX,AA1928,7/12/08,1057,116,UA1540,7/14/08,1247,-7,109
LAX_SFO_PHX,LAX,SFO,PHX,AA1928,7/12/08,1057,116,WN1619,7/14/08,1602,5,121
LAX_SFO_PHX,LAX,SFO,PHX,AA1928,7/12/08,1057,116,WN2348,7/14/08,1224,23,139
LAX_SFO_PHX,LAX,SFO,PHX,AA1928,7/12/08,1057,116,WN2645,7/14/08,2026,-21,95
LAX_SFO_PHX,LAX,SFO,PHX,UA157,7/12/08,1116,159,WN1619,7/14/08,1602,5,164
LAX_SFO_PHX,LAX,SFO,PHX,UA157,7/12/08,1116,159,WN2348,7/14/08,1224,23,182
LAX_SFO_PHX,LAX,SFO,PHX,UA157,7/12/08,1116,159,WN2645,7/14/08,2026,-21,138
LAX_SFO_PHX,LAX,SFO,PHX,UA157,7/12/08,1116,159,US412,7/14/08,1916,-28,131
LAX_SFO_PHX,LAX,SFO,PHX,UA157,7/12/08,1116,159,US1550,7/14/08,1218,42,201
LAX_SFO_PHX,LAX,SFO,PHX,WN3534,7/12/08,650,-13,US1550,7/14/08,1218,42,29
LAX_SFO_PHX,LAX,SFO,PHX,UA157,7/12/08,1116,159,US128,7/14/08,1554,43,202
LAX_SFO_PHX,LAX,SFO,PHX,UA157,7/12/08,1116,159,US408,7/14/08,1713,-2,157
LAX_SFO_PHX,LAX,SFO,PHX,UA157,7/12/08,1116,159,UA1540,7/14/08,1247,-7,152
LAX_SFO_PHX,LAX,SFO,PHX,WN1728,7/12/08,1120,179,UA1540,7/14/08,1247,-7,172
LAX_SFO_PHX,LAX,SFO,PHX,WN1728,7/12/08,1120,179,WN1619,7/14/08,1602,5,184
LAX_SFO_PHX,LAX,SFO,PHX,WN1728,7/12/08,1120,179,WN2348,7/14/08,1224,23,202
LAX_SFO_PHX,LAX,SFO,PHX,WN1728,7/12/08,1120,179,WN2645,7/14/08,2026,-21,158
LAX_SFO_PHX,LAX,SFO,PHX,WN1728,7/12/08,1120,179,US1550,7/14/08,1218,42,221
LAX_SFO_PHX,LAX,SFO,PHX,WN1728,7/12/08,1120,179,US128,7/14/08,1554,43,222
LAX_SFO_PHX,LAX,SFO,PHX,WN1728,7/12/08,1120,179,US412,7/14/08,1916,-28,151
LAX_SFO_PHX,LAX,SFO,PHX,WN3534,7/12/08,650,-13,US408,7/14/08,1713,-2,-15
LAX_SFO_PHX,LAX,SFO,PHX,WN1728,7/12/08,1120,179,US408,7/14/08,1713,-2,177
LAX_SFO_PHX,LAX,SFO,PHX,UA1167,7/12/08,658,-9,US128,7/14/08,1554,43,34
BOS_ATL_LAX,BOS,ATL,LAX,FL270,4/3/08,548,7,DL41,4/5/08,1943,9,16
BOS_ATL_LAX,BOS,ATL,LAX,FL273,4/3/08,853,13,FL41,4/5/08,2151,20,33
BOS_ATL_LAX,BOS,ATL,LAX,FL273,4/3/08,853,13,FL40,4/5/08,1857,-2,11
BOS_ATL_LAX,BOS,ATL,LAX,FL273,4/3/08,853,13,DL535,4/5/08,2206,73,86
BOS_ATL_LAX,BOS,ATL,LAX,FL273,4/3/08,853,13,DL1423,4/5/08,2134,12,25
BOS_ATL_LAX,BOS,ATL,LAX,FL273,4/3/08,853,13,DL1185,4/5/08,1332,6,19
BOS_ATL_LAX,BOS,ATL,LAX,FL273,4/3/08,853,13,DL75,4/5/08,1704,0,13
BOS_ATL_LAX,BOS,ATL,LAX,FL273,4/3/08,853,13,DL41,4/5/08,1943,9,22
BOS_ATL_LAX,BOS,ATL,LAX,FL273,4/3/08,853,13,DL885,4/5/08,1451,5,18
BOS_ATL_LAX,BOS,ATL,LAX,FL273,4/3/08,853,13,DL125,4/5/08,1842,181,194
BOS_ATL_LAX,BOS,ATL,LAX,DL663,4/3/08,713,17,DL41,4/5/08,1943,9,26
BOS_ATL_LAX,BOS,ATL,LAX,FL270,4/3/08,548,7,DL535,4/5/08,2206,73,80
BOS_ATL_LAX,BOS,ATL,LAX,DL663,4/3/08,713,17,DL535,4/5/08,2206,73,90
BOS_ATL_LAX,BOS,ATL,LAX,DL663,4/3/08,713,17,DL125,4/5/08,1842,181,198
BOS_ATL_LAX,BOS,ATL,LAX,DL663,4/3/08,713,17,DL1185,4/5/08,1332,6,23
BOS_ATL_LAX,BOS,ATL,LAX,DL663,4/3/08,713,17,DL885,4/5/08,1451,5,22
BOS_ATL_LAX,BOS,ATL,LAX,DL663,4/3/08,713,17,DL1423,4/5/08,2134,12,29
BOS_ATL_LAX,BOS,ATL,LAX,DL663,4/3/08,713,17,DL75,4/5/08,1704,0,17
BOS_ATL_LAX,BOS,ATL,LAX,DL663,4/3/08,713,17,FL41,4/5/08,2151,20,37
BOS_ATL_LAX,BOS,ATL,LAX,DL663,4/3/08,713,17,FL40,4/5/08,1857,-2,15
BOS_ATL_LAX,BOS,ATL,LAX,DL661,4/3/08,556,23,FL40,4/5/08,1857,-2,21
BOS_ATL_LAX,BOS,ATL,LAX,DL661,4/3/08,556,23,FL41,4/5/08,2151,20,43
BOS_ATL_LAX,BOS,ATL,LAX,FL270,4/3/08,548,7,DL75,4/5/08,1704,0,7
BOS_ATL_LAX,BOS,ATL,LAX,DL661,4/3/08,556,23,DL535,4/5/08,2206,73,96
BOS_ATL_LAX,BOS,ATL,LAX,DL661,4/3/08,556,23,DL41,4/5/08,1943,9,32
BOS_ATL_LAX,BOS,ATL,LAX,DL661,4/3/08,556,23,DL75,4/5/08,1704,0,23
BOS_ATL_LAX,BOS,ATL,LAX,DL661,4/3/08,556,23,DL885,4/5/08,1451,5,28
BOS_ATL_LAX,BOS,ATL,LAX,DL661,4/3/08,556,23,DL1423,4/5/08,2134,12,35
BOS_ATL_LAX,BOS,ATL,LAX,DL661,4/3/08,556,23,DL125,4/5/08,1842,181,204
BOS_ATL_LAX,BOS,ATL,LAX,DL661,4/3/08,556,23,DL1185,4/5/08,1332,6,29
BOS_ATL_LAX,BOS,ATL,LAX,DL667,4/3/08,834,28,DL125,4/5/08,1842,181,209
BOS_ATL_LAX,BOS,ATL,LAX,DL667,4/3/08,834,28,DL1423,4/5/08,2134,12,40
BOS_ATL_LAX,BOS,ATL,LAX,DL667,4/3/08,834,28,DL885,4/5/08,1451,5,33
BOS_ATL_LAX,BOS,ATL,LAX,FL270,4/3/08,548,7,DL1185,4/5/08,1332,6,13
BOS_ATL_LAX,BOS,ATL,LAX,DL667,4/3/08,834,28,DL1185,4/5/08,1332,6,34
BOS_ATL_LAX,BOS,ATL,LAX,DL667,4/3/08,834,28,DL75,4/5/08,1704,0,28
BOS_ATL_LAX,BOS,ATL,LAX,DL667,4/3/08,834,28,DL41,4/5/08,1943,9,37
BOS_ATL_LAX,BOS,ATL,LAX,DL667,4/3/08,834,28,DL535,4/5/08,2206,73,101
BOS_ATL_LAX,BOS,ATL,LAX,DL667,4/3/08,834,28,FL41,4/5/08,2151,20,48
BOS_ATL_LAX,BOS,ATL,LAX,DL667,4/3/08,834,28,FL40,4/5/08,1857,-2,26
BOS_ATL_LAX,BOS,ATL,LAX,DL669,4/3/08,1011,33,FL41,4/5/08,2151,20,53
BOS_ATL_LAX,BOS,ATL,LAX,DL669,4/3/08,1011,33,FL40,4/5/08,1857,-2,31
BOS_ATL_LAX,BOS,ATL,LAX,DL669,4/3/08,1011,33,DL1423,4/5/08,2134,12,45
BOS_ATL_LAX,BOS,ATL,LAX,DL669,4/3/08,1011,33,DL75,4/5/08,1704,0,33
BOS_ATL_LAX,BOS,ATL,LAX,FL270,4/3/08,548,7,DL885,4/5/08,1451,5,12
BOS_ATL_LAX,BOS,ATL,LAX,DL669,4/3/08,1011,33,DL535,4/5/08,2206,73,106
BOS_ATL_LAX,BOS,ATL,LAX,DL669,4/3/08,1011,33,DL885,4/5/08,1451,5,38
BOS_ATL_LAX,BOS,ATL,LAX,DL669,4/3/08,1011,33,DL1185,4/5/08,1332,6,39
BOS_ATL_LAX,BOS,ATL,LAX,DL669,4/3/08,1011,33,DL41,4/5/08,1943,9,42
BOS_ATL_LAX,BOS,ATL,LAX,DL669,4/3/08,1011,33,DL125,4/5/08,1842,181,214
BOS_ATL_LAX,BOS,ATL,LAX,DL671,4/3/08,1113,45,DL1185,4/5/08,1332,6,51
BOS_ATL_LAX,BOS,ATL,LAX,DL671,4/3/08,1113,45,DL885,4/5/08,1451,5,50
BOS_ATL_LAX,BOS,ATL,LAX,DL671,4/3/08,1113,45,DL535,4/5/08,2206,73,118
BOS_ATL_LAX,BOS,ATL,LAX,DL671,4/3/08,1113,45,DL125,4/5/08,1842,181,226
BOS_ATL_LAX,BOS,ATL,LAX,DL671,4/3/08,1113,45,DL75,4/5/08,1704,0,45
BOS_ATL_LAX,BOS,ATL,LAX,FL270,4/3/08,548,7,DL125,4/5/08,1842,181,188
BOS_ATL_LAX,BOS,ATL,LAX,DL671,4/3/08,1113,45,DL41,4/5/08,1943,9,54
BOS_ATL_LAX,BOS,ATL,LAX,DL671,4/3/08,1113,45,DL1423,4/5/08,2134,12,57
BOS_ATL_LAX,BOS,ATL,LAX,DL671,4/3/08,1113,45,FL41,4/5/08,2151,20,65
BOS_ATL_LAX,BOS,ATL,LAX,DL671,4/3/08,1113,45,FL40,4/5/08,1857,-2,43
BOS_ATL_LAX,BOS,ATL,LAX,FL270,4/3/08,548,7,DL1423,4/5/08,2134,12,19
BOS_ATL_LAX,BOS,ATL,LAX,FL270,4/3/08,548,7,FL40,4/5/08,1857,-2,5
BOS_ATL_LAX,BOS,ATL,LAX,FL270,4/3/08,548,7,FL41,4/5/08,2151,20,27
LAX_MIA_LAX,LAX,MIA,LAX,AA280,5/16/08,817,10,AA456,5/18/08,1925,-19,-9
LAX_MIA_LAX,LAX,MIA,LAX,AA231,5/16/08,556,19,AA972,5/18/08,2101,-13,6
LAX_MIA_LAX,LAX,MIA,LAX,AA202,5/16/08,708,34,AA456,5/18/08,1925,-19,15
LAX_MIA_LAX,LAX,MIA,LAX,AA202,5/16/08,708,34,AA972,5/18/08,2101,-13,21
LAX_MIA_LAX,LAX,MIA,LAX,AA202,5/16/08,708,34,AA397,5/18/08,1841,2,36
LAX_MIA_LAX,LAX,MIA,LAX,AA202,5/16/08,708,34,AA267,5/18/08,1651,41,75
LAX_MIA_LAX,LAX,MIA,LAX,AA202,5/16/08,708,34,AA203,5/18/08,1536,-5,29
LAX_MIA_LAX,LAX,MIA,LAX,AA280,5/16/08,817,10,AA972,5/18/08,2101,-13,-3
LAX_MIA_LAX,LAX,MIA,LAX,AA280,5/16/08,817,10,AA203,5/18/08,1536,-5,5
LAX_MIA_LAX,LAX,MIA,LAX,AA280,5/16/08,817,10,AA267,5/18/08,1651,41,51
LAX_MIA_LAX,LAX,MIA,LAX,AA280,5/16/08,817,10,AA397,5/18/08,1841,2,12
LAX_MIA_LAX,LAX,MIA,LAX,AA231,5/16/08,556,19,AA267,5/18/08,1651,41,60
LAX_MIA_LAX,LAX,MIA,LAX,AA231,5/16/08,556,19,AA397,5/18/08,1841,2,21
LAX_MIA_LAX,LAX,MIA,LAX,AA231,5/16/08,556,19,AA203,5/18/08,1536,-5,14
LAX_MIA_LAX,LAX,MIA,LAX,AA231,5/16/08,556,19,AA456,5/18/08,1925,-19,0
PHX_JFK_MSP,PHX,JFK,MSP,B6178,9/7/08,1127,-25,NW609,9/9/08,1747,-17,-42
PHX_JFK_MSP,PHX,JFK,MSP,B6178,9/7/08,1127,-25,NW369,9/9/08,1239,139,114
PHX_JFK_MSP,PHX,JFK,MSP,DL118,9/7/08,634,-19,NW609,9/9/08,1747,-17,-36
PHX_JFK_MSP,PHX,JFK,MSP,DL118,9/7/08,634,-19,NW369,9/9/08,1239,139,120
PHX_JFK_MSP,PHX,JFK,MSP,US12,9/7/08,904,43,NW609,9/9/08,1747,-17,26
PHX_JFK_MSP,PHX,JFK,MSP,US12,9/7/08,904,43,NW369,9/9/08,1239,139,182
PBI_DFW_ATL,PBI,DFW,ATL,AA799,8/17/08,900,3,AA1332,8/19/08,1955,24,27
SLC_BFL_LAX,SLC,BFL,LAX,OO3755,4/1/08,1101,13,OO5429,4/3/08,1509,20,33
DFW_ORD_DFW,DFW,ORD,DFW,UA1104,6/10/08,658,-23,OO6119,6/12/08,1446,-8,-31
DFW_ORD_DFW,DFW,ORD,DFW,UA1104,6/10/08,658,-23,AA2355,6/12/08,2249,338,315
DFW_ORD_DFW,DFW,ORD,DFW,AA2320,6/10/08,558,7,UA725,6/12/08,2036,29,36
DFW_ORD_DFW,DFW,ORD,DFW,AA2320,6/10/08,558,7,AA2349,6/12/08,2019,180,187
DFW_ORD_DFW,DFW,ORD,DFW,AA2320,6/10/08,558,7,AA2357,6/12/08,2335,344,351
DFW_ORD_DFW,DFW,ORD,DFW,AA2320,6/10/08,558,7,AA2345,6/12/08,1807,59,66
DFW_ORD_DFW,DFW,ORD,DFW,AA2320,6/10/08,558,7,AA2321,6/12/08,1205,15,22
DFW_ORD_DFW,DFW,ORD,DFW,AA2320,6/10/08,558,7,AA2341,6/12/08,1650,-5,2
DFW_ORD_DFW,DFW,ORD,DFW,AA2320,6/10/08,558,7,AA2325,6/12/08,1257,2,9
DFW_ORD_DFW,DFW,ORD,DFW,AA2320,6/10/08,558,7,AA2333,6/12/08,1515,-4,3
DFW_ORD_DFW,DFW,ORD,DFW,AA2320,6/10/08,558,7,AA2331,6/12/08,1416,6,13
DFW_ORD_DFW,DFW,ORD,DFW,AA2320,6/10/08,558,7,AA2361,6/12/08,2312,178,185
DFW_ORD_DFW,DFW,ORD,DFW,UA1104,6/10/08,658,-23,AA2337,6/12/08,1846,326,303
DFW_ORD_DFW,DFW,ORD,DFW,AA2320,6/10/08,558,7,AA2337,6/12/08,1846,326,333
DFW_ORD_DFW,DFW,ORD,DFW,AA2320,6/10/08,558,7,AA2355,6/12/08,2249,338,345
DFW_ORD_DFW,DFW,ORD,DFW,AA2320,6/10/08,558,7,AA2329,6/12/08,1327,8,15
DFW_ORD_DFW,DFW,ORD,DFW,AA2340,6/10/08,1047,8,AA2345,6/12/08,1807,59,67
DFW_ORD_DFW,DFW,ORD,DFW,AA2340,6/10/08,1047,8,AA2331,6/12/08,1416,6,14
DFW_ORD_DFW,DFW,ORD,DFW,AA2340,6/10/08,1047,8,AA2321,6/12/08,1205,15,23
DFW_ORD_DFW,DFW,ORD,DFW,AA2340,6/10/08,1047,8,AA2337,6/12/08,1846,326,334
DFW_ORD_DFW,DFW,ORD,DFW,AA2340,6/10/08,1047,8,AA2341,6/12/08,1650,-5,3
DFW_ORD_DFW,DFW,ORD,DFW,AA2340,6/10/08,1047,8,AA2325,6/12/08,1257,2,10
DFW_ORD_DFW,DFW,ORD,DFW,AA2340,6/10/08,1047,8,AA2329,6/12/08,1327,8,16
DFW_ORD_DFW,DFW,ORD,DFW,UA1104,6/10/08,658,-23,AA2349,6/12/08,2019,180,157
DFW_ORD_DFW,DFW,ORD,DFW,AA2340,6/10/08,1047,8,AA2355,6/12/08,2249,338,346
DFW_ORD_DFW,DFW,ORD,DFW,AA2340,6/10/08,1047,8,AA2361,6/12/08,2312,178,186
DFW_ORD_DFW,DFW,ORD,DFW,AA2340,6/10/08,1047,8,AA2357,6/12/08,2335,344,352
DFW_ORD_DFW,DFW,ORD,DFW,AA2340,6/10/08,1047,8,AA2333,6/12/08,1515,-4,4
DFW_ORD_DFW,DFW,ORD,DFW,AA2340,6/10/08,1047,8,AA2349,6/12/08,2019,180,188
DFW_ORD_DFW,DFW,ORD,DFW,AA2340,6/10/08,1047,8,AA47,6/12/08,1914,21,29
DFW_ORD_DFW,DFW,ORD,DFW,AA2340,6/10/08,1047,8,OO6119,6/12/08,1446,-8,0
DFW_ORD_DFW,DFW,ORD,DFW,AA2340,6/10/08,1047,8,UA357,6/12/08,1702,34,42
DFW_ORD_DFW,DFW,ORD,DFW,AA2340,6/10/08,1047,8,UA725,6/12/08,2036,29,37
DFW_ORD_DFW,DFW,ORD,DFW,UA1104,6/10/08,658,-23,AA2333,6/12/08,1515,-4,-27
DFW_ORD_DFW,DFW,ORD,DFW,UA1104,6/10/08,658,-23,AA2325,6/12/08,1257,2,-21
DFW_ORD_DFW,DFW,ORD,DFW,UA1104,6/10/08,658,-23,AA2331,6/12/08,1416,6,-17
DFW_ORD_DFW,DFW,ORD,DFW,UA1104,6/10/08,658,-23,AA2341,6/12/08,1650,-5,-28
DFW_ORD_DFW,DFW,ORD,DFW,AA2328,6/10/08,748,-14,AA2331,6/12/08,1416,6,-8
DFW_ORD_DFW,DFW,ORD,DFW,AA2328,6/10/08,748,-14,AA2357,6/12/08,2335,344,330
DFW_ORD_DFW,DFW,ORD,DFW,AA2328,6/10/08,748,-14,AA2345,6/12/08,1807,59,45
DFW_ORD_DFW,DFW,ORD,DFW,UA1104,6/10/08,658,-23,AA47,6/12/08,1914,21,-2
DFW_ORD_DFW,DFW,ORD,DFW,AA2328,6/10/08,748,-14,AA2349,6/12/08,2019,180,166
DFW_ORD_DFW,DFW,ORD,DFW,AA2328,6/10/08,748,-14,AA2329,6/12/08,1327,8,-6
DFW_ORD_DFW,DFW,ORD,DFW,AA2328,6/10/08,748,-14,AA2325,6/12/08,1257,2,-12
DFW_ORD_DFW,DFW,ORD,DFW,AA2328,6/10/08,748,-14,AA2321,6/12/08,1205,15,1
DFW_ORD_DFW,DFW,ORD,DFW,AA2328,6/10/08,748,-14,AA2333,6/12/08,1515,-4,-18
DFW_ORD_DFW,DFW,ORD,DFW,AA2328,6/10/08,748,-14,AA2361,6/12/08,2312,178,164
DFW_ORD_DFW,DFW,ORD,DFW,AA2328,6/10/08,748,-14,AA2355,6/12/08,2249,338,324
DFW_ORD_DFW,DFW,ORD,DFW,AA2328,6/10/08,748,-14,AA2341,6/12/08,1650,-5,-19
DFW_ORD_DFW,DFW,ORD,DFW,AA2328,6/10/08,748,-14,AA2337,6/12/08,1846,326,312
DFW_ORD_DFW,DFW,ORD,DFW,AA2328,6/10/08,748,-14,AA47,6/12/08,1914,21,7
DFW_ORD_DFW,DFW,ORD,DFW,UA1104,6/10/08,658,-23,UA357,6/12/08,1702,34,11
DFW_ORD_DFW,DFW,ORD,DFW,AA2328,6/10/08,748,-14,OO6119,6/12/08,1446,-8,-22
DFW_ORD_DFW,DFW,ORD,DFW,AA2328,6/10/08,748,-14,UA357,6/12/08,1702,34,20
DFW_ORD_DFW,DFW,ORD,DFW,AA2328,6/10/08,748,-14,UA725,6/12/08,2036,29,15
DFW_ORD_DFW,DFW,ORD,DFW,AA2332,6/10/08,914,-11,UA357,6/12/08,1702,34,23
DFW_ORD_DFW,DFW,ORD,DFW,AA2332,6/10/08,914,-11,UA725,6/12/08,2036,29,18
DFW_ORD_DFW,DFW,ORD,DFW,AA2332,6/10/08,914,-11,AA47,6/12/08,1914,21,10
DFW_ORD_DFW,DFW,ORD,DFW,AA2332,6/10/08,914,-11,AA2325,6/12/08,1257,2,-9
DFW_ORD_DFW,DFW,ORD,DFW,AA2332,6/10/08,914,-11,AA2331,6/12/08,1416,6,-5
DFW_ORD_DFW,DFW,ORD,DFW,AA2332,6/10/08,914,-11,AA2341,6/12/08,1650,-5,-16
DFW_ORD_DFW,DFW,ORD,DFW,AA2332,6/10/08,914,-11,AA2337,6/12/08,1846,326,315
DFW_ORD_DFW,DFW,ORD,DFW,UA1104,6/10/08,658,-23,UA725,6/12/08,2036,29,6
DFW_ORD_DFW,DFW,ORD,DFW,AA2332,6/10/08,914,-11,AA2333,6/12/08,1515,-4,-15
DFW_ORD_DFW,DFW,ORD,DFW,AA2332,6/10/08,914,-11,AA2321,6/12/08,1205,15,4
DFW_ORD_DFW,DFW,ORD,DFW,AA2332,6/10/08,914,-11,AA2349,6/12/08,2019,180,169
DFW_ORD_DFW,DFW,ORD,DFW,AA2332,6/10/08,914,-11,AA2357,6/12/08,2335,344,333
DFW_ORD_DFW,DFW,ORD,DFW,AA2332,6/10/08,914,-11,AA2355,6/12/08,2249,338,327
DFW_ORD_DFW,DFW,ORD,DFW,AA2332,6/10/08,914,-11,AA2345,6/12/08,1807,59,48
DFW_ORD_DFW,DFW,ORD,DFW,AA2332,6/10/08,914,-11,AA2361,6/12/08,2312,178,167
DFW_ORD_DFW,DFW,ORD,DFW,AA2332,6/10/08,914,-11,AA2329,6/12/08,1327,8,-3
DFW_ORD_DFW,DFW,ORD,DFW,AA2332,6/10/08,914,-11,OO6119,6/12/08,1446,-8,-19
DFW_ORD_DFW,DFW,ORD,DFW,OO6441,6/10/08,924,-10,OO6119,6/12/08,1446,-8,-18
DFW_ORD_DFW,DFW,ORD,DFW,UA1104,6/10/08,658,-23,AA2357,6/12/08,2335,344,321
DFW_ORD_DFW,DFW,ORD,DFW,OO6441,6/10/08,924,-10,AA47,6/12/08,1914,21,11
DFW_ORD_DFW,DFW,ORD,DFW,OO6441,6/10/08,924,-10,UA357,6/12/08,1702,34,24
DFW_ORD_DFW,DFW,ORD,DFW,OO6441,6/10/08,924,-10,UA725,6/12/08,2036,29,19
DFW_ORD_DFW,DFW,ORD,DFW,OO6441,6/10/08,924,-10,AA2331,6/12/08,1416,6,-4
DFW_ORD_DFW,DFW,ORD,DFW,OO6441,6/10/08,924,-10,AA2321,6/12/08,1205,15,5
DFW_ORD_DFW,DFW,ORD,DFW,OO6441,6/10/08,924,-10,AA2361,6/12/08,2312,178,168
DFW_ORD_DFW,DFW,ORD,DFW,OO6441,6/10/08,924,-10,AA2355,6/12/08,2249,338,328
DFW_ORD_DFW,DFW,ORD,DFW,OO6441,6/10/08,924,-10,AA2357,6/12/08,2335,344,334
DFW_ORD_DFW,DFW,ORD,DFW,OO6441,6/10/08,924,-10,AA2337,6/12/08,1846,326,316
DFW_ORD_DFW,DFW,ORD,DFW,OO6441,6/10/08,924,-10,AA2333,6/12/08,1515,-4,-14
DFW_ORD_DFW,DFW,ORD,DFW,UA1104,6/10/08,658,-23,AA2361,6/12/08,2312,178,155
DFW_ORD_DFW,DFW,ORD,DFW,OO6441,6/10/08,924,-10,AA2349,6/12/08,2019,180,170
DFW_ORD_DFW,DFW,ORD,DFW,OO6441,6/10/08,924,-10,AA2341,6/12/08,1650,-5,-15
DFW_ORD_DFW,DFW,ORD,DFW,OO6441,6/10/08,924,-10,AA2329,6/12/08,1327,8,-2
DFW_ORD_DFW,DFW,ORD,DFW,OO6441,6/10/08,924,-10,AA2325,6/12/08,1257,2,-8
DFW_ORD_DFW,DFW,ORD,DFW,OO6441,6/10/08,924,-10,AA2345,6/12/08,1807,59,49
DFW_ORD_DFW,DFW,ORD,DFW,AA2344,6/10/08,1139,-7,AA2325,6/12/08,1257,2,-5
DFW_ORD_DFW,DFW,ORD,DFW,AA2344,6/10/08,1139,-7,AA2355,6/12/08,2249,338,331
DFW_ORD_DFW,DFW,ORD,DFW,AA2344,6/10/08,1139,-7,AA2329,6/12/08,1327,8,1
DFW_ORD_DFW,DFW,ORD,DFW,AA2344,6/10/08,1139,-7,AA2345,6/12/08,1807,59,52
DFW_ORD_DFW,DFW,ORD,DFW,AA2344,6/10/08,1139,-7,AA2341,6/12/08,1650,-5,-12
DFW_ORD_DFW,DFW,ORD,DFW,UA1104,6/10/08,658,-23,AA2321,6/12/08,1205,15,-8
DFW_ORD_DFW,DFW,ORD,DFW,AA2344,6/10/08,1139,-7,AA2321,6/12/08,1205,15,8
DFW_ORD_DFW,DFW,ORD,DFW,AA2344,6/10/08,1139,-7,AA2333,6/12/08,1515,-4,-11
DFW_ORD_DFW,DFW,ORD,DFW,AA2344,6/10/08,1139,-7,AA2357,6/12/08,2335,344,337
DFW_ORD_DFW,DFW,ORD,DFW,AA2344,6/10/08,1139,-7,AA2337,6/12/08,1846,326,319
DFW_ORD_DFW,DFW,ORD,DFW,AA2344,6/10/08,1139,-7,AA2361,6/12/08,2312,178,171
DFW_ORD_DFW,DFW,ORD,DFW,AA2344,6/10/08,1139,-7,AA2331,6/12/08,1416,6,-1
DFW_ORD_DFW,DFW,ORD,DFW,AA2344,6/10/08,1139,-7,AA2349,6/12/08,2019,180,173
DFW_ORD_DFW,DFW,ORD,DFW,AA2344,6/10/08,1139,-7,AA47,6/12/08,1914,21,14
DFW_ORD_DFW,DFW,ORD,DFW,AA2344,6/10/08,1139,-7,OO6119,6/12/08,1446,-8,-15
DFW_ORD_DFW,DFW,ORD,DFW,AA2344,6/10/08,1139,-7,UA357,6/12/08,1702,34,27
DFW_ORD_DFW,DFW,ORD,DFW,UA1104,6/10/08,658,-23,AA2329,6/12/08,1327,8,-15
DFW_ORD_DFW,DFW,ORD,DFW,AA2344,6/10/08,1139,-7,UA725,6/12/08,2036,29,22
DFW_ORD_DFW,DFW,ORD,DFW,AA2324,6/10/08,653,-1,UA357,6/12/08,1702,34,33
DFW_ORD_DFW,DFW,ORD,DFW,AA2324,6/10/08,653,-1,UA725,6/12/08,2036,29,28
DFW_ORD_DFW,DFW,ORD,DFW,AA2324,6/10/08,653,-1,AA47,6/12/08,1914,21,20
DFW_ORD_DFW,DFW,ORD,DFW,AA2324,6/10/08,653,-1,AA2329,6/12/08,1327,8,7
DFW_ORD_DFW,DFW,ORD,DFW,AA2324,6/10/08,653,-1,AA2345,6/12/08,1807,59,58
DFW_ORD_DFW,DFW,ORD,DFW,AA2324,6/10/08,653,-1,AA2331,6/12/08,1416,6,5
DFW_ORD_DFW,DFW,ORD,DFW,AA2324,6/10/08,653,-1,AA2337,6/12/08,1846,326,325
DFW_ORD_DFW,DFW,ORD,DFW,AA2324,6/10/08,653,-1,AA2325,6/12/08,1257,2,1
DFW_ORD_DFW,DFW,ORD,DFW,AA2324,6/10/08,653,-1,AA2357,6/12/08,2335,344,343
DFW_ORD_DFW,DFW,ORD,DFW,UA1104,6/10/08,658,-23,AA2345,6/12/08,1807,59,36
DFW_ORD_DFW,DFW,ORD,DFW,AA2324,6/10/08,653,-1,AA2341,6/12/08,1650,-5,-6
DFW_ORD_DFW,DFW,ORD,DFW,AA2324,6/10/08,653,-1,AA2349,6/12/08,2019,180,179
DFW_ORD_DFW,DFW,ORD,DFW,AA2324,6/10/08,653,-1,AA2361,6/12/08,2312,178,177
DFW_ORD_DFW,DFW,ORD,DFW,AA2324,6/10/08,653,-1,AA2321,6/12/08,1205,15,14
DFW_ORD_DFW,DFW,ORD,DFW,AA2324,6/10/08,653,-1,AA2355,6/12/08,2249,338,337
DFW_ORD_DFW,DFW,ORD,DFW,AA2324,6/10/08,653,-1,AA2333,6/12/08,1515,-4,-5
DFW_ORD_DFW,DFW,ORD,DFW,AA2324,6/10/08,653,-1,OO6119,6/12/08,1446,-8,-9
DFW_ORD_DFW,DFW,ORD,DFW,AA2320,6/10/08,558,7,OO6119,6/12/08,1446,-8,-1
DFW_ORD_DFW,DFW,ORD,DFW,AA2320,6/10/08,558,7,AA47,6/12/08,1914,21,28
DFW_ORD_DFW,DFW,ORD,DFW,AA2320,6/10/08,558,7,UA357,6/12/08,1702,34,41
JAX_DFW_CRP,JAX,DFW,CRP,AA845,9/9/08,722,-2,MQ3701,9/11/08,1310,18,16
JAX_DFW_CRP,JAX,DFW,CRP,AA845,9/9/08,722,-2,MQ3419,9/11/08,1504,23,21
JAX_DFW_CRP,JAX,DFW,CRP,AA845,9/9/08,722,-2,MQ3627,9/11/08,1648,-4,-6